Speed,Packet Size,Sent Packets,Dropped Packets,Received Packets,Throughput,Average Delay,Delivery Ratio,Drop Ratio,Energy Consumption
5, 256,3094 , 1321 , 1735 , 72353.9 , 2.35672 , 0.560763 , 0.426955 , 925.258
10, 256,3094 , 1321 , 1735 , 72353.9 , 2.35672 , 0.560763 , 0.426955 , 925.258
15, 256,3094 , 1715 , 1304 , 54266.9 , 2.43858 , 0.421461 , 0.554299 , 952.098
20, 256,3094 , 2468 , 505 , 21203.2 , 3.71564 , 0.163219 , 0.797673 , 565.074
5, 128,6188 , 4546 , 1617 , 32398.7 , 2.05452 , 0.261312 , 0.734648 , 797.475
5, 256,3094 , 1962 , 1112 , 45734.4 , 2.1695 , 0.359405 , 0.634131 , 554.609
5, 512,1547 , 704 , 779 , 67948.8 , 4.12609 , 0.503555 , 0.455074 , 775.324
5, 1024,1548 , 1140 , 394 , 32394.2 , 2.74086 , 0.254522 , 0.736434 , 372.75
