Speed,Packet Size,Sent Packets,Dropped Packets,Received Packets,Throughput,Average Delay,Delivery Ratio,Drop Ratio,Energy Consumption
5, 256,3094 , 1269 , 1780 , 72267.5 , 2.26098 , 0.575307 , 0.410149 , 719.937
10, 256,3094 , 2094 , 940 , 39477.8 , 4.35174 , 0.303814 , 0.676794 , 637.759
15, 256,3094 , 1154 , 1913 , 80345 , 2.89484 , 0.618293 , 0.37298 , 1098.02
20, 256,3094 , 1806 , 1225 , 54591.4 , 5.29585 , 0.395928 , 0.58371 , 1286.17
5, 128,6188 , 4637 , 1470 , 31511.7 , 2.51123 , 0.237557 , 0.749354 , 751.545
5, 256,3094 , 2238 , 839 , 33968 , 1.86437 , 0.27117 , 0.723335 , 480.168
5, 512,1547 , 387 , 1141 , 95317.1 , 2.72515 , 0.737557 , 0.250162 , 904.343
5, 1024,1548 , 712 , 776 , 63475.2 , 2.98581 , 0.501292 , 0.459948 , 617.669
